Order Date,Item Name,Time,Price,Quantity
2026-01-01,양념 치킨,20:50,19000,1
2026-01-01,후라이드 치킨,18:00,18000,1
2026-01-01,생맥주 500cc,22:40,4500,1
2026-01-01,양념 치킨,19:30,19000,2
2026-01-01,감자튀김,18:00,6000,1
2026-01-01,감자튀김,18:40,6000,1
2026-01-01,생맥주 500cc,19:00,4500,2
2026-01-01,양념 치킨,19:20,19000,3
2026-01-01,반반 치킨,18:30,19000,2
2026-01-01,간장 치킨,21:50,19000,1
2026-01-01,치즈볼,18:30,5000,1
2026-01-01,순살 치킨,17:20,18000,2
2026-01-01,감자튀김,16:40,6000,1
2026-01-01,감자튀김,17:00,6000,2
2026-01-01,생맥주 500cc,20:50,4500,1
2026-01-01,간장 치킨,12:20,19000,1
2026-01-01,소주,21:50,5000,3
2026-01-01,생맥주 500cc,20:20,4500,1
2026-01-01,후라이드 치킨,19:40,18000,1
2026-01-01,마늘 치킨,00:20,20000,1
2026-01-01,감자튀김,18:50,6000,1
2026-01-01,감자튀김,18:00,6000,3
2026-01-01,마늘 치킨,23:40,20000,3
2026-01-01,양념 치킨,18:40,19000,1
2026-01-01,치즈볼,17:40,5000,1
2026-01-01,생맥주 500cc,21:50,4500,1
2026-01-01,생맥주 500cc,23:20,4500,1
2026-01-01,치즈볼,18:00,5000,1
2026-01-01,마늘 치킨,20:00,20000,2
2026-01-01,반반 치킨,17:10,19000,1
2026-01-01,소주,16:10,5000,1
2026-01-01,콜라 1.25L,19:50,2500,1
2026-01-01,치즈볼,20:20,5000,1
2026-01-01,순살 치킨,21:20,18000,1
2026-01-02,감자튀김,23:30,6000,2
2026-01-02,마늘 치킨,21:10,20000,1
2026-01-02,마늘 치킨,18:30,20000,1
2026-01-02,치즈볼,16:10,5000,2
2026-01-02,마늘 치킨,22:20,20000,2
2026-01-02,소주,16:20,5000,1
2026-01-02,생맥주 500cc,17:20,4500,2
2026-01-02,양념 치킨,22:50,19000,3
2026-01-02,간장 치킨,19:10,19000,1
2026-01-02,후라이드 치킨,22:50,18000,2
2026-01-02,반반 치킨,21:20,19000,2
2026-01-02,감자튀김,20:20,6000,2
2026-01-02,마늘 치킨,21:00,20000,1
2026-01-02,소주,17:30,5000,2
2026-01-02,순살 치킨,19:50,18000,1
2026-01-02,콜라 1.25L,18:00,2500,3
2026-01-02,후라이드 치킨,17:40,18000,2
2026-01-02,콜라 1.25L,20:30,2500,2
2026-01-02,콜라 1.25L,23:10,2500,2
2026-01-02,간장 치킨,22:00,19000,1
2026-01-02,간장 치킨,22:00,19000,2
2026-01-02,마늘 치킨,12:50,20000,1
2026-01-02,마늘 치킨,21:00,20000,1
2026-01-02,후라이드 치킨,23:00,18000,2
2026-01-02,순살 치킨,23:10,18000,2
2026-01-02,생맥주 500cc,19:50,4500,2
2026-01-02,양념 치킨,18:40,19000,3
2026-01-02,간장 치킨,19:40,19000,2
2026-01-02,치즈볼,19:50,5000,1
2026-01-02,양념 치킨,19:50,19000,2
2026-01-02,치즈볼,20:30,5000,2
2026-01-02,간장 치킨,17:30,19000,1
2026-01-02,소주,19:30,5000,2
2026-01-03,감자튀김,19:30,6000,1
2026-01-03,콜라 1.25L,20:50,2500,2
2026-01-03,소주,18:00,5000,2
2026-01-03,치즈볼,21:20,5000,1
2026-01-03,양념 치킨,17:30,19000,1
2026-01-03,간장 치킨,19:40,19000,1
2026-01-03,반반 치킨,19:10,19000,1
2026-01-03,치즈볼,21:20,5000,2
2026-01-03,소주,20:10,5000,1
2026-01-03,소주,19:50,5000,1
2026-01-03,치즈볼,19:40,5000,1
2026-01-03,양념 치킨,16:40,19000,1
2026-01-03,순살 치킨,19:30,18000,3
2026-01-03,양념 치킨,22:20,19000,1
2026-01-03,콜라 1.25L,19:40,2500,1
2026-01-03,순살 치킨,19:00,18000,1
2026-01-03,생맥주 500cc,21:10,4500,1
2026-01-03,반반 치킨,16:50,19000,1
2026-01-03,콜라 1.25L,18:30,2500,1
2026-01-03,간장 치킨,19:30,19000,2
2026-01-03,소주,19:40,5000,1
2026-01-03,소주,18:00,5000,1
2026-01-03,콜라 1.25L,18:30,2500,1
2026-01-03,순살 치킨,18:40,18000,1
2026-01-03,반반 치킨,22:30,19000,1
2026-01-03,양념 치킨,17:40,19000,1
2026-01-03,마늘 치킨,19:30,20000,2
2026-01-03,소주,19:40,5000,1
2026-01-03,간장 치킨,20:40,19000,1
2026-01-03,소주,16:00,5000,1
2026-01-03,순살 치킨,17:50,18000,2
2026-01-03,마늘 치킨,19:30,20000,2
2026-01-03,간장 치킨,18:30,19000,2
2026-01-03,후라이드 치킨,23:30,18000,2
2026-01-03,간장 치킨,21:20,19000,1
2026-01-03,치즈볼,18:30,5000,1
2026-01-03,양념 치킨,18:30,19000,3
2026-01-03,후라이드 치킨,18:50,18000,2
2026-01-03,생맥주 500cc,16:40,4500,1
2026-01-03,소주,17:00,5000,1
2026-01-03,소주,18:40,5000,3
2026-01-03,콜라 1.25L,22:20,2500,1
2026-01-03,생맥주 500cc,18:40,4500,1
2026-01-03,소주,17:20,5000,1
2026-01-03,생맥주 500cc,18:10,4500,1
2026-01-03,순살 치킨,16:30,18000,1
2026-01-03,반반 치킨,21:50,19000,1
2026-01-03,후라이드 치킨,19:40,18000,1
2026-01-03,감자튀김,16:40,6000,3
2026-01-03,반반 치킨,20:10,19000,1
2026-01-03,소주,22:20,5000,1
2026-01-04,간장 치킨,21:40,19000,1
2026-01-04,소주,00:10,5000,1
2026-01-04,마늘 치킨,18:50,20000,1
2026-01-04,후라이드 치킨,19:20,18000,2
2026-01-04,후라이드 치킨,15:00,18000,1
2026-01-04,소주,21:10,5000,1
2026-01-04,감자튀김,23:30,6000,1
2026-01-04,치즈볼,18:40,5000,1
2026-01-04,후라이드 치킨,16:50,18000,1
2026-01-04,감자튀김,19:10,6000,2
2026-01-04,반반 치킨,18:40,19000,1
2026-01-04,콜라 1.25L,22:20,2500,1
2026-01-04,콜라 1.25L,22:50,2500,3
2026-01-04,반반 치킨,18:50,19000,1
2026-01-04,생맥주 500cc,15:10,4500,1
2026-01-04,감자튀김,18:30,6000,2
2026-01-04,양념 치킨,20:40,19000,2
2026-01-04,콜라 1.25L,19:50,2500,2
2026-01-04,후라이드 치킨,22:10,18000,2
2026-01-04,소주,19:30,5000,2
2026-01-04,양념 치킨,16:30,19000,1
2026-01-04,콜라 1.25L,21:00,2500,2
2026-01-04,순살 치킨,12:20,18000,1
2026-01-04,순살 치킨,17:50,18000,1
2026-01-04,소주,19:10,5000,1
2026-01-04,감자튀김,19:10,6000,2
2026-01-04,생맥주 500cc,18:40,4500,3
2026-01-04,소주,18:00,5000,1
2026-01-04,생맥주 500cc,12:00,4500,1
2026-01-04,후라이드 치킨,17:00,18000,1
2026-01-04,치즈볼,18:40,5000,1
2026-01-04,콜라 1.25L,18:20,2500,3
2026-01-04,반반 치킨,17:40,19000,1
2026-01-06,양념 치킨,23:50,19000,1
2026-01-06,콜라 1.25L,19:50,2500,1
2026-01-06,마늘 치킨,22:20,20000,1
2026-01-06,마늘 치킨,20:00,20000,2
2026-01-06,생맥주 500cc,19:00,4500,1
2026-01-06,양념 치킨,18:40,19000,1
2026-01-06,생맥주 500cc,23:30,4500,2
2026-01-06,후라이드 치킨,19:00,18000,1
2026-01-06,간장 치킨,20:40,19000,3
2026-01-06,콜라 1.25L,20:10,2500,1
2026-01-06,순살 치킨,17:40,18000,1
2026-01-06,반반 치킨,22:30,19000,3
2026-01-06,마늘 치킨,20:10,20000,1
2026-01-06,콜라 1.25L,22:20,2500,1
2026-01-06,마늘 치킨,16:50,20000,1
2026-01-06,감자튀김,20:00,6000,1
2026-01-06,소주,22:50,5000,1
2026-01-06,감자튀김,17:10,6000,1
2026-01-06,양념 치킨,21:50,19000,2
2026-01-06,마늘 치킨,15:10,20000,1
2026-01-06,생맥주 500cc,23:10,4500,1
2026-01-06,콜라 1.25L,21:30,2500,1
2026-01-06,간장 치킨,20:00,19000,3
2026-01-06,감자튀김,22:10,6000,1
2026-01-07,콜라 1.25L,19:20,2500,1
2026-01-07,마늘 치킨,21:50,20000,1
2026-01-07,마늘 치킨,22:20,20000,2
2026-01-07,반반 치킨,20:30,19000,1
2026-01-07,순살 치킨,21:00,18000,3
2026-01-07,마늘 치킨,20:10,20000,2
2026-01-07,생맥주 500cc,20:00,4500,3
2026-01-07,감자튀김,15:50,6000,3
2026-01-07,양념 치킨,22:20,19000,2
2026-01-07,콜라 1.25L,17:10,2500,1
2026-01-07,콜라 1.25L,12:40,2500,3
2026-01-07,소주,21:10,5000,1
2026-01-07,콜라 1.25L,23:40,2500,1
2026-01-07,소주,20:00,5000,2
2026-01-07,감자튀김,18:00,6000,1
2026-01-07,치즈볼,16:00,5000,3
2026-01-07,콜라 1.25L,16:10,2500,1
2026-01-07,간장 치킨,16:00,19000,1
2026-01-07,치즈볼,21:20,5000,2
2026-01-07,간장 치킨,21:10,19000,1
2026-01-07,감자튀김,19:40,6000,1
2026-01-07,치즈볼,19:10,5000,1
2026-01-07,생맥주 500cc,20:50,4500,1
2026-01-07,생맥주 500cc,22:00,4500,2
2026-01-07,반반 치킨,18:20,19000,1
2026-01-07,순살 치킨,22:40,18000,1
2026-01-07,콜라 1.25L,18:00,2500,1
2026-01-07,간장 치킨,17:20,19000,3
2026-01-07,후라이드 치킨,19:10,18000,3
2026-01-07,감자튀김,17:10,6000,1
2026-01-07,간장 치킨,19:30,19000,2
2026-01-07,치즈볼,21:10,5000,2
2026-01-08,반반 치킨,20:00,19000,2
2026-01-08,감자튀김,16:50,6000,1
2026-01-08,마늘 치킨,23:10,20000,1
2026-01-08,생맥주 500cc,22:10,4500,2
2026-01-08,콜라 1.25L,22:20,2500,1
2026-01-08,마늘 치킨,20:10,20000,1
2026-01-08,마늘 치킨,20:50,20000,1
2026-01-08,콜라 1.25L,21:20,2500,2
2026-01-08,후라이드 치킨,23:10,18000,1
2026-01-08,치즈볼,17:00,5000,1
2026-01-08,생맥주 500cc,18:20,4500,1
2026-01-08,소주,15:00,5000,1
2026-01-08,감자튀김,22:30,6000,1
2026-01-08,감자튀김,18:10,6000,1
2026-01-08,감자튀김,00:50,6000,1
2026-01-08,치즈볼,16:30,5000,3
2026-01-08,콜라 1.25L,22:50,2500,2
2026-01-08,후라이드 치킨,20:50,18000,2
2026-01-08,간장 치킨,20:20,19000,1
2026-01-08,양념 치킨,19:20,19000,1
2026-01-08,소주,18:20,5000,1
2026-01-08,콜라 1.25L,18:40,2500,1
2026-01-08,치즈볼,22:50,5000,1
2026-01-08,생맥주 500cc,17:20,4500,1
2026-01-08,반반 치킨,21:00,19000,1
2026-01-08,간장 치킨,23:50,19000,1
2026-01-08,치즈볼,19:00,5000,1
2026-01-08,콜라 1.25L,19:30,2500,2
2026-01-08,감자튀김,22:00,6000,1
2026-01-08,양념 치킨,18:40,19000,1
2026-01-08,소주,18:40,5000,1
2026-01-08,소주,19:00,5000,1
2026-01-09,양념 치킨,22:50,19000,1
2026-01-09,후라이드 치킨,19:40,18000,1
2026-01-09,소주,20:00,5000,1
2026-01-09,생맥주 500cc,18:30,4500,1
2026-01-09,소주,19:10,5000,1
2026-01-09,생맥주 500cc,21:20,4500,2
2026-01-09,간장 치킨,22:40,19000,1
2026-01-09,콜라 1.25L,19:50,2500,1
2026-01-09,감자튀김,19:10,6000,1
2026-01-09,소주,21:40,5000,1
2026-01-09,감자튀김,19:50,6000,1
2026-01-09,소주,17:40,5000,1
2026-01-09,반반 치킨,18:10,19000,2
2026-01-09,생맥주 500cc,20:00,4500,1
2026-01-09,양념 치킨,13:40,19000,1
2026-01-09,치즈볼,20:10,5000,2
2026-01-09,마늘 치킨,20:40,20000,1
2026-01-09,치즈볼,17:40,5000,3
2026-01-09,치즈볼,19:10,5000,1
2026-01-09,소주,18:50,5000,1
2026-01-09,치즈볼,19:50,5000,1
2026-01-09,감자튀김,19:00,6000,2
2026-01-09,콜라 1.25L,18:40,2500,1
2026-01-09,치즈볼,19:50,5000,1
2026-01-09,생맥주 500cc,19:50,4500,1
2026-01-09,간장 치킨,22:30,19000,1
2026-01-09,양념 치킨,15:20,19000,1
2026-01-09,생맥주 500cc,20:50,4500,2
2026-01-09,간장 치킨,20:50,19000,2
2026-01-09,소주,19:00,5000,1
2026-01-09,마늘 치킨,21:10,20000,1
2026-01-09,소주,18:00,5000,2
2026-01-09,반반 치킨,22:10,19000,1
2026-01-09,순살 치킨,18:30,18000,2
2026-01-09,치즈볼,20:20,5000,1
2026-01-09,치즈볼,21:00,5000,3
2026-01-09,감자튀김,23:00,6000,1
2026-01-09,양념 치킨,16:30,19000,2
2026-01-09,소주,19:20,5000,3
2026-01-09,후라이드 치킨,18:30,18000,1
2026-01-09,소주,22:20,5000,2
2026-01-09,양념 치킨,20:10,19000,1
2026-01-09,후라이드 치킨,23:50,18000,1
2026-01-09,생맥주 500cc,14:20,4500,1
2026-01-09,소주,00:20,5000,1
2026-01-09,간장 치킨,21:40,19000,3
2026-01-09,치즈볼,18:30,5000,1
2026-01-09,양념 치킨,22:30,19000,1
2026-01-09,간장 치킨,15:20,19000,2
2026-01-09,콜라 1.25L,17:50,2500,1
2026-01-09,양념 치킨,17:00,19000,2
2026-01-10,콜라 1.25L,21:10,2500,1
2026-01-10,양념 치킨,18:10,19000,2
2026-01-10,소주,21:50,5000,1
2026-01-10,순살 치킨,17:50,18000,2
2026-01-10,감자튀김,21:30,6000,1
2026-01-10,반반 치킨,19:30,19000,1
2026-01-10,감자튀김,19:10,6000,1
2026-01-10,소주,20:40,5000,1
2026-01-10,치즈볼,20:30,5000,1
2026-01-10,마늘 치킨,17:20,20000,1
2026-01-10,후라이드 치킨,19:00,18000,1
2026-01-10,마늘 치킨,19:30,20000,1
2026-01-10,마늘 치킨,18:50,20000,1
2026-01-10,후라이드 치킨,21:00,18000,3
2026-01-10,간장 치킨,20:10,19000,1
2026-01-10,순살 치킨,00:40,18000,3
2026-01-10,콜라 1.25L,20:10,2500,2
2026-01-10,감자튀김,20:10,6000,1
2026-01-10,반반 치킨,17:20,19000,1
2026-01-10,양념 치킨,22:00,19000,1
2026-01-10,간장 치킨,20:40,19000,1
2026-01-10,순살 치킨,00:00,18000,1
2026-01-10,반반 치킨,15:30,19000,1
2026-01-10,콜라 1.25L,21:30,2500,1
2026-01-10,반반 치킨,19:20,19000,1
2026-01-10,순살 치킨,23:40,18000,1
2026-01-10,반반 치킨,18:20,19000,1
2026-01-10,생맥주 500cc,16:10,4500,1
2026-01-10,후라이드 치킨,18:10,18000,1
2026-01-10,간장 치킨,16:30,19000,3
2026-01-10,간장 치킨,19:20,19000,1
2026-01-10,생맥주 500cc,19:00,4500,3
2026-01-10,양념 치킨,18:10,19000,1
2026-01-10,후라이드 치킨,17:50,18000,1
2026-01-10,반반 치킨,19:20,19000,2
2026-01-10,감자튀김,23:20,6000,1
2026-01-10,순살 치킨,20:50,18000,1
2026-01-10,생맥주 500cc,18:10,4500,1
2026-01-10,후라이드 치킨,20:30,18000,1
2026-01-10,양념 치킨,16:40,19000,3
2026-01-10,생맥주 500cc,16:00,4500,2
2026-01-10,순살 치킨,21:10,18000,1
2026-01-10,간장 치킨,19:00,19000,3
2026-01-10,치즈볼,19:50,5000,1
2026-01-11,콜라 1.25L,17:20,2500,1
2026-01-11,양념 치킨,23:10,19000,1
2026-01-11,순살 치킨,19:00,18000,1
2026-01-11,생맥주 500cc,22:30,4500,1
2026-01-11,소주,20:40,5000,2
2026-01-11,양념 치킨,19:50,19000,1
2026-01-11,후라이드 치킨,19:00,18000,1
2026-01-11,순살 치킨,22:20,18000,1
2026-01-11,치즈볼,21:20,5000,1
2026-01-11,마늘 치킨,18:40,20000,1
2026-01-11,콜라 1.25L,21:00,2500,1
2026-01-11,치즈볼,20:40,5000,2
2026-01-11,생맥주 500cc,20:40,4500,1
2026-01-11,치즈볼,19:10,5000,1
2026-01-11,마늘 치킨,23:10,20000,1
2026-01-11,감자튀김,19:50,6000,2
2026-01-11,양념 치킨,23:00,19000,1
2026-01-11,치즈볼,19:50,5000,1
2026-01-11,순살 치킨,18:40,18000,1
2026-01-11,반반 치킨,20:10,19000,1
2026-01-11,소주,20:30,5000,1
2026-01-11,간장 치킨,18:40,19000,2
2026-01-11,순살 치킨,18:30,18000,3
2026-01-11,간장 치킨,18:40,19000,3
2026-01-11,콜라 1.25L,17:50,2500,1
2026-01-11,후라이드 치킨,18:30,18000,2
2026-01-11,치즈볼,21:40,5000,1
2026-01-11,소주,19:40,5000,2
2026-01-11,후라이드 치킨,22:10,18000,1
2026-01-11,감자튀김,17:40,6000,1
2026-01-11,양념 치킨,23:00,19000,2
2026-01-11,간장 치킨,20:40,19000,2
2026-01-11,순살 치킨,18:00,18000,2
2026-01-11,후라이드 치킨,12:30,18000,1
2026-01-11,소주,19:20,5000,3
2026-01-11,콜라 1.25L,19:30,2500,1
2026-01-11,감자튀김,20:50,6000,1
2026-01-11,양념 치킨,17:50,19000,1
2026-01-11,후라이드 치킨,21:20,18000,1
2026-01-11,양념 치킨,23:10,19000,2
2026-01-11,소주,17:10,5000,2
2026-01-11,순살 치킨,19:30,18000,2
2026-01-11,생맥주 500cc,22:40,4500,1
2026-01-11,반반 치킨,17:40,19000,1
2026-01-11,콜라 1.25L,21:30,2500,1
2026-01-11,후라이드 치킨,20:40,18000,1
2026-01-11,순살 치킨,18:10,18000,1
2026-01-11,마늘 치킨,19:40,20000,1
2026-01-11,소주,19:30,5000,1
2026-01-11,소주,18:30,5000,1
2026-01-11,소주,20:30,5000,2
2026-01-11,순살 치킨,18:00,18000,1
2026-01-11,치즈볼,20:30,5000,2
2026-01-11,마늘 치킨,20:00,20000,1
2026-01-11,간장 치킨,20:10,19000,1
2026-01-11,감자튀김,19:20,6000,1
2026-01-11,후라이드 치킨,18:30,18000,1
2026-01-12,마늘 치킨,22:40,20000,2
2026-01-12,생맥주 500cc,20:40,4500,1
2026-01-12,반반 치킨,15:30,19000,3
2026-01-12,콜라 1.25L,21:40,2500,1
2026-01-12,치즈볼,19:40,5000,1
2026-01-12,간장 치킨,16:40,19000,2
2026-01-12,반반 치킨,18:10,19000,1
2026-01-12,마늘 치킨,19:50,20000,2
2026-01-12,순살 치킨,22:50,18000,1
2026-01-12,소주,22:30,5000,2
2026-01-12,양념 치킨,17:00,19000,1
2026-01-12,소주,22:30,5000,1
2026-01-12,반반 치킨,21:40,19000,3
2026-01-12,소주,20:20,5000,1
2026-01-12,간장 치킨,16:00,19000,1
2026-01-12,감자튀김,21:30,6000,1
2026-01-12,소주,18:30,5000,1
2026-01-12,감자튀김,17:00,6000,1
2026-01-12,순살 치킨,18:40,18000,2
2026-01-12,생맥주 500cc,18:20,4500,2
2026-01-12,양념 치킨,19:40,19000,1
2026-01-12,반반 치킨,20:30,19000,3
2026-01-12,생맥주 500cc,17:30,4500,2
2026-01-12,치즈볼,18:50,5000,1
2026-01-12,반반 치킨,17:00,19000,1
2026-01-12,생맥주 500cc,15:00,4500,1
2026-01-12,치즈볼,20:40,5000,2
2026-01-12,마늘 치킨,16:40,20000,3
2026-01-12,반반 치킨,19:10,19000,2
2026-01-12,감자튀김,19:30,6000,1
2026-01-12,반반 치킨,21:10,19000,2
2026-01-12,양념 치킨,16:50,19000,3
2026-01-12,순살 치킨,19:30,18000,1
2026-01-12,반반 치킨,18:30,19000,2
2026-01-12,감자튀김,17:30,6000,2
2026-01-13,후라이드 치킨,17:50,18000,2
2026-01-13,순살 치킨,17:30,18000,1
2026-01-13,생맥주 500cc,21:00,4500,1
2026-01-13,간장 치킨,22:40,19000,3
2026-01-13,순살 치킨,00:20,18000,2
2026-01-13,반반 치킨,20:00,19000,3
2026-01-13,순살 치킨,17:20,18000,1
2026-01-13,양념 치킨,20:40,19000,1
2026-01-13,반반 치킨,15:20,19000,1
2026-01-13,치즈볼,19:50,5000,2
2026-01-13,치즈볼,20:20,5000,1
2026-01-13,마늘 치킨,19:40,20000,2
2026-01-13,간장 치킨,16:20,19000,1
2026-01-13,소주,21:10,5000,1
2026-01-13,간장 치킨,19:10,19000,1
2026-01-13,마늘 치킨,19:10,20000,1
2026-01-13,감자튀김,17:20,6000,3
2026-01-13,반반 치킨,19:20,19000,1
2026-01-13,양념 치킨,19:50,19000,1
2026-01-13,반반 치킨,17:40,19000,1
2026-01-13,감자튀김,17:50,6000,1
2026-01-13,후라이드 치킨,20:00,18000,1
2026-01-13,감자튀김,22:30,6000,1
2026-01-13,치즈볼,18:50,5000,2
2026-01-13,간장 치킨,17:00,19000,3
2026-01-13,후라이드 치킨,18:20,18000,3
2026-01-13,콜라 1.25L,18:40,2500,1
2026-01-13,반반 치킨,18:40,19000,1
2026-01-13,반반 치킨,17:10,19000,1
2026-01-13,생맥주 500cc,21:10,4500,1
2026-01-13,치즈볼,20:30,5000,1
2026-01-13,마늘 치킨,20:00,20000,1
2026-01-13,소주,19:00,5000,2
2026-01-13,순살 치킨,17:10,18000,1
2026-01-14,생맥주 500cc,15:00,4500,2
2026-01-14,간장 치킨,16:00,19000,1
2026-01-14,순살 치킨,20:20,18000,1
2026-01-14,치즈볼,20:40,5000,1
2026-01-14,양념 치킨,19:40,19000,1
2026-01-14,감자튀김,19:50,6000,1
2026-01-14,치즈볼,18:10,5000,1
2026-01-14,소주,18:10,5000,1
2026-01-14,생맥주 500cc,14:40,4500,1
2026-01-14,반반 치킨,19:20,19000,2
2026-01-14,감자튀김,23:10,6000,1
2026-01-14,소주,18:40,5000,3
2026-01-14,간장 치킨,18:10,19000,1
2026-01-14,치즈볼,20:20,5000,2
2026-01-14,후라이드 치킨,22:30,18000,3
2026-01-14,소주,22:10,5000,2
2026-01-14,간장 치킨,21:10,19000,2
2026-01-14,마늘 치킨,21:40,20000,1
2026-01-14,간장 치킨,19:00,19000,1
2026-01-14,콜라 1.25L,21:40,2500,1
2026-01-14,감자튀김,23:00,6000,3
2026-01-14,생맥주 500cc,20:00,4500,2
2026-01-14,생맥주 500cc,21:20,4500,3
2026-01-14,콜라 1.25L,19:30,2500,1
2026-01-14,콜라 1.25L,19:00,2500,1
2026-01-14,치즈볼,19:40,5000,2
2026-01-14,콜라 1.25L,19:00,2500,1
2026-01-14,감자튀김,20:50,6000,2
2026-01-14,후라이드 치킨,22:20,18000,1
2026-01-14,소주,20:50,5000,1
2026-01-14,콜라 1.25L,19:50,2500,1
2026-01-14,반반 치킨,20:50,19000,1
2026-01-14,순살 치킨,20:30,18000,1
2026-01-14,후라이드 치킨,19:40,18000,1
2026-01-14,간장 치킨,19:10,19000,2
2026-01-15,콜라 1.25L,19:40,2500,1
2026-01-15,반반 치킨,18:50,19000,1
2026-01-15,생맥주 500cc,18:30,4500,3
2026-01-15,후라이드 치킨,19:00,18000,1
2026-01-15,간장 치킨,19:10,19000,2
2026-01-15,반반 치킨,23:00,19000,1
2026-01-15,간장 치킨,20:20,19000,1
2026-01-15,반반 치킨,21:10,19000,2
2026-01-15,감자튀김,19:30,6000,1
2026-01-15,치즈볼,18:40,5000,1
2026-01-15,간장 치킨,21:20,19000,1
2026-01-15,마늘 치킨,17:30,20000,1
2026-01-15,감자튀김,19:10,6000,2
2026-01-15,치즈볼,14:30,5000,2
2026-01-15,마늘 치킨,16:20,20000,1
2026-01-15,치즈볼,18:30,5000,1
2026-01-15,순살 치킨,20:10,18000,1
2026-01-15,반반 치킨,13:00,19000,2
2026-01-15,후라이드 치킨,20:20,18000,1
2026-01-15,양념 치킨,18:30,19000,1
2026-01-15,소주,20:30,5000,1
2026-01-15,콜라 1.25L,22:20,2500,3
2026-01-15,콜라 1.25L,20:50,2500,1
2026-01-15,반반 치킨,20:10,19000,1
2026-01-15,순살 치킨,19:40,18000,1
2026-01-15,감자튀김,18:50,6000,1
2026-01-15,생맥주 500cc,20:40,4500,1
2026-01-15,반반 치킨,21:10,19000,2
2026-01-15,후라이드 치킨,17:30,18000,1
2026-01-15,간장 치킨,19:40,19000,1
2026-01-15,후라이드 치킨,22:30,18000,2
2026-01-15,감자튀김,21:20,6000,1
2026-01-15,마늘 치킨,18:00,20000,1
2026-01-16,소주,21:30,5000,2
2026-01-16,마늘 치킨,20:10,20000,1
2026-01-16,간장 치킨,18:10,19000,1
2026-01-16,생맥주 500cc,21:50,4500,1
2026-01-16,치즈볼,19:00,5000,1
2026-01-16,반반 치킨,19:30,19000,2
2026-01-16,후라이드 치킨,22:00,18000,1
2026-01-16,순살 치킨,15:50,18000,1
2026-01-16,감자튀김,16:50,6000,1
2026-01-16,생맥주 500cc,18:40,4500,1
2026-01-16,순살 치킨,19:20,18000,1
2026-01-16,마늘 치킨,19:20,20000,2
2026-01-16,후라이드 치킨,18:10,18000,1
2026-01-16,순살 치킨,17:30,18000,1
2026-01-16,마늘 치킨,21:20,20000,3
2026-01-16,양념 치킨,20:10,19000,1
2026-01-16,치즈볼,22:30,5000,2
2026-01-16,순살 치킨,18:10,18000,2
2026-01-16,후라이드 치킨,21:00,18000,1
2026-01-16,마늘 치킨,17:10,20000,3
2026-01-16,순살 치킨,21:30,18000,1
2026-01-16,소주,20:20,5000,1
2026-01-16,생맥주 500cc,13:20,4500,1
2026-01-16,감자튀김,20:40,6000,1
2026-01-16,생맥주 500cc,19:50,4500,1
2026-01-16,마늘 치킨,21:30,20000,1
2026-01-16,간장 치킨,22:50,19000,1
2026-01-16,생맥주 500cc,15:20,4500,2
2026-01-16,치즈볼,20:10,5000,1
2026-01-16,양념 치킨,20:40,19000,1
2026-01-16,치즈볼,16:40,5000,1
2026-01-16,감자튀김,18:30,6000,1
2026-01-16,양념 치킨,19:30,19000,1
2026-01-16,감자튀김,20:10,6000,1
2026-01-16,콜라 1.25L,20:20,2500,3
2026-01-16,간장 치킨,17:40,19000,2
2026-01-16,소주,21:40,5000,1
2026-01-16,간장 치킨,22:50,19000,1
2026-01-16,소주,18:00,5000,1
2026-01-16,소주,20:20,5000,2
2026-01-17,콜라 1.25L,19:30,2500,2
2026-01-17,양념 치킨,21:00,19000,2
2026-01-17,간장 치킨,21:20,19000,1
2026-01-17,치즈볼,22:10,5000,1
2026-01-17,치즈볼,15:00,5000,1
2026-01-17,순살 치킨,16:40,18000,3
2026-01-17,후라이드 치킨,17:20,18000,1
2026-01-17,순살 치킨,18:10,18000,1
2026-01-17,마늘 치킨,17:40,20000,1
2026-01-17,마늘 치킨,23:00,20000,1
2026-01-17,생맥주 500cc,19:20,4500,1
2026-01-17,후라이드 치킨,17:20,18000,1
2026-01-17,반반 치킨,17:30,19000,1
2026-01-17,간장 치킨,17:00,19000,1
2026-01-17,마늘 치킨,19:50,20000,2
2026-01-17,생맥주 500cc,20:50,4500,1
2026-01-17,생맥주 500cc,19:10,4500,1
2026-01-17,마늘 치킨,23:40,20000,1
2026-01-17,생맥주 500cc,16:40,4500,3
2026-01-17,생맥주 500cc,21:20,4500,3
2026-01-17,감자튀김,20:50,6000,1
2026-01-17,간장 치킨,17:20,19000,2
2026-01-17,간장 치킨,12:00,19000,1
2026-01-17,콜라 1.25L,20:20,2500,1
2026-01-17,마늘 치킨,21:20,20000,3
2026-01-17,마늘 치킨,23:00,20000,2
2026-01-17,콜라 1.25L,19:30,2500,1
2026-01-17,양념 치킨,19:00,19000,1
2026-01-17,순살 치킨,20:10,18000,1
2026-01-17,치즈볼,18:00,5000,1
2026-01-17,소주,18:00,5000,1
2026-01-17,간장 치킨,19:20,19000,3
2026-01-17,반반 치킨,20:30,19000,2
2026-01-17,양념 치킨,18:40,19000,2
2026-01-17,감자튀김,20:10,6000,2
2026-01-17,감자튀김,18:20,6000,1
2026-01-17,간장 치킨,18:40,19000,1
2026-01-17,소주,17:10,5000,1
2026-01-17,콜라 1.25L,22:30,2500,3
2026-01-17,순살 치킨,20:00,18000,1
2026-01-18,치즈볼,22:10,5000,2
2026-01-18,순살 치킨,17:50,18000,1
2026-01-18,순살 치킨,19:30,18000,2
2026-01-18,후라이드 치킨,17:00,18000,1
2026-01-18,양념 치킨,19:40,19000,1
2026-01-18,생맥주 500cc,19:50,4500,3
2026-01-18,반반 치킨,17:30,19000,1
2026-01-18,간장 치킨,17:00,19000,1
2026-01-18,콜라 1.25L,17:30,2500,1
2026-01-18,반반 치킨,19:50,19000,1
2026-01-18,콜라 1.25L,19:30,2500,2
2026-01-18,생맥주 500cc,17:50,4500,2
2026-01-18,생맥주 500cc,14:40,4500,1
2026-01-18,소주,20:10,5000,2
2026-01-18,감자튀김,19:10,6000,1
2026-01-18,후라이드 치킨,20:40,18000,2
2026-01-18,치즈볼,14:50,5000,1
2026-01-18,치즈볼,18:40,5000,1
2026-01-18,반반 치킨,19:30,19000,1
2026-01-18,양념 치킨,17:20,19000,1
2026-01-18,감자튀김,18:30,6000,1
2026-01-18,치즈볼,15:50,5000,3
2026-01-18,소주,19:10,5000,1
2026-01-18,간장 치킨,20:00,19000,3
2026-01-18,소주,20:20,5000,1
2026-01-18,순살 치킨,18:20,18000,1
2026-01-18,소주,22:10,5000,1
2026-01-18,간장 치킨,21:10,19000,2
2026-01-18,후라이드 치킨,18:50,18000,1
2026-01-18,양념 치킨,17:10,19000,2
2026-01-18,반반 치킨,15:00,19000,1
2026-01-18,양념 치킨,18:40,19000,1
2026-01-18,콜라 1.25L,23:20,2500,1
2026-01-18,간장 치킨,20:40,19000,1
2026-01-18,순살 치킨,18:40,18000,1
2026-01-18,생맥주 500cc,22:50,4500,1
2026-01-18,간장 치킨,22:10,19000,3
2026-01-18,치즈볼,18:40,5000,1
2026-01-18,콜라 1.25L,18:10,2500,1
2026-01-18,양념 치킨,21:00,19000,1
2026-01-18,양념 치킨,18:50,19000,1
2026-01-20,치즈볼,17:10,5000,3
2026-01-20,양념 치킨,18:10,19000,1
2026-01-20,소주,18:40,5000,2
2026-01-20,반반 치킨,17:10,19000,1
2026-01-20,반반 치킨,21:20,19000,1
2026-01-20,간장 치킨,16:50,19000,1
2026-01-20,반반 치킨,19:10,19000,3
2026-01-20,소주,20:20,5000,1
2026-01-20,반반 치킨,16:00,19000,2
2026-01-20,마늘 치킨,19:30,20000,1
2026-01-20,감자튀김,19:30,6000,1
2026-01-20,순살 치킨,20:10,18000,1
2026-01-20,치즈볼,22:50,5000,1
2026-01-20,소주,19:00,5000,2
2026-01-20,양념 치킨,18:00,19000,3
2026-01-20,양념 치킨,21:30,19000,1
2026-01-20,후라이드 치킨,18:00,18000,1
2026-01-20,마늘 치킨,21:20,20000,1
2026-01-20,생맥주 500cc,15:00,4500,1
2026-01-20,간장 치킨,16:00,19000,1
2026-01-20,소주,18:20,5000,1
2026-01-20,소주,19:20,5000,1
2026-01-20,소주,19:40,5000,1
2026-01-20,콜라 1.25L,17:40,2500,1
2026-01-21,치즈볼,19:50,5000,3
2026-01-21,소주,19:50,5000,1
2026-01-21,소주,18:30,5000,3
2026-01-21,간장 치킨,18:10,19000,1
2026-01-21,양념 치킨,19:50,19000,1
2026-01-21,반반 치킨,18:40,19000,2
2026-01-21,치즈볼,18:00,5000,2
2026-01-21,마늘 치킨,16:40,20000,1
2026-01-21,소주,21:00,5000,1
2026-01-21,콜라 1.25L,21:50,2500,1
2026-01-21,소주,17:10,5000,1
2026-01-21,콜라 1.25L,19:00,2500,3
2026-01-21,치즈볼,19:20,5000,3
2026-01-21,감자튀김,17:30,6000,1
2026-01-21,후라이드 치킨,18:20,18000,1
2026-01-21,마늘 치킨,17:40,20000,2
2026-01-21,감자튀김,18:20,6000,1
2026-01-21,간장 치킨,21:40,19000,1
2026-01-21,치즈볼,19:50,5000,1
2026-01-21,간장 치킨,23:20,19000,1
2026-01-21,생맥주 500cc,18:40,4500,3
2026-01-21,소주,18:10,5000,1
2026-01-21,콜라 1.25L,13:20,2500,1
2026-01-21,양념 치킨,21:10,19000,1
2026-01-21,소주,21:40,5000,1
2026-01-21,양념 치킨,21:50,19000,2
2026-01-21,마늘 치킨,19:50,20000,3
2026-01-21,후라이드 치킨,19:50,18000,3
2026-01-21,순살 치킨,21:10,18000,2
2026-01-21,양념 치킨,17:00,19000,1
2026-01-22,소주,20:00,5000,1
2026-01-22,감자튀김,18:50,6000,1
2026-01-22,후라이드 치킨,18:00,18000,1
2026-01-22,콜라 1.25L,17:40,2500,2
2026-01-22,양념 치킨,22:50,19000,1
2026-01-22,생맥주 500cc,19:20,4500,1
2026-01-22,소주,20:50,5000,3
2026-01-22,콜라 1.25L,19:40,2500,1
2026-01-22,소주,22:30,5000,1
2026-01-22,감자튀김,19:40,6000,1
2026-01-22,소주,14:40,5000,1
2026-01-22,양념 치킨,19:10,19000,2
2026-01-22,후라이드 치킨,21:40,18000,1
2026-01-22,후라이드 치킨,18:10,18000,2
2026-01-22,순살 치킨,18:30,18000,1
2026-01-22,간장 치킨,19:20,19000,1
2026-01-22,치즈볼,22:20,5000,1
2026-01-22,순살 치킨,23:30,18000,1
2026-01-22,양념 치킨,19:30,19000,1
2026-01-22,감자튀김,21:40,6000,1
2026-01-22,후라이드 치킨,21:20,18000,2
2026-01-22,치즈볼,17:30,5000,3
2026-01-22,치즈볼,16:00,5000,3
2026-01-22,후라이드 치킨,20:00,18000,1
2026-01-22,양념 치킨,23:20,19000,1
2026-01-22,소주,20:40,5000,1
2026-01-22,반반 치킨,19:30,19000,1
2026-01-22,소주,17:30,5000,1
2026-01-22,소주,19:10,5000,1
2026-01-23,치즈볼,23:00,5000,1
2026-01-23,양념 치킨,18:10,19000,1
2026-01-23,양념 치킨,17:10,19000,1
2026-01-23,후라이드 치킨,19:20,18000,2
2026-01-23,반반 치킨,19:40,19000,1
2026-01-23,양념 치킨,19:40,19000,2
2026-01-23,콜라 1.25L,19:10,2500,1
2026-01-23,콜라 1.25L,20:00,2500,1
2026-01-23,순살 치킨,18:40,18000,1
2026-01-23,감자튀김,16:50,6000,1
2026-01-23,간장 치킨,20:50,19000,1
2026-01-23,생맥주 500cc,13:40,4500,1
2026-01-23,반반 치킨,22:00,19000,1
2026-01-23,콜라 1.25L,20:20,2500,1
2026-01-23,반반 치킨,21:40,19000,2
2026-01-23,간장 치킨,18:20,19000,2
2026-01-23,감자튀김,19:50,6000,2
2026-01-23,감자튀김,21:30,6000,1
2026-01-23,치즈볼,13:30,5000,1
2026-01-23,마늘 치킨,22:20,20000,1
2026-01-23,마늘 치킨,15:30,20000,1
2026-01-23,감자튀김,17:20,6000,1
2026-01-23,마늘 치킨,00:20,20000,1
2026-01-23,후라이드 치킨,21:20,18000,1
2026-01-23,생맥주 500cc,20:10,4500,1
2026-01-23,순살 치킨,19:20,18000,1
2026-01-23,감자튀김,19:20,6000,1
2026-01-23,간장 치킨,19:20,19000,3
2026-01-23,반반 치킨,22:00,19000,1
2026-01-23,생맥주 500cc,21:30,4500,1
2026-01-23,마늘 치킨,17:40,20000,1
2026-01-23,콜라 1.25L,17:30,2500,1
2026-01-23,생맥주 500cc,16:20,4500,1
2026-01-23,후라이드 치킨,21:40,18000,1
2026-01-23,순살 치킨,17:50,18000,1
2026-01-23,소주,23:20,5000,1
2026-01-23,소주,22:00,5000,1
2026-01-23,치즈볼,16:30,5000,1
2026-01-23,콜라 1.25L,17:20,2500,1
2026-01-24,소주,20:30,5000,1
2026-01-24,반반 치킨,17:00,19000,2
2026-01-24,후라이드 치킨,19:10,18000,1
2026-01-24,반반 치킨,21:50,19000,2
2026-01-24,생맥주 500cc,16:50,4500,2
2026-01-24,양념 치킨,23:50,19000,1
2026-01-24,생맥주 500cc,20:20,4500,2
2026-01-24,양념 치킨,12:20,19000,1
2026-01-24,양념 치킨,12:00,19000,2
2026-01-24,콜라 1.25L,19:50,2500,1
2026-01-24,양념 치킨,00:30,19000,2
2026-01-24,소주,16:30,5000,2
2026-01-24,순살 치킨,18:20,18000,3
2026-01-24,치즈볼,22:30,5000,1
2026-01-24,반반 치킨,22:20,19000,1
2026-01-24,후라이드 치킨,22:20,18000,1
2026-01-24,반반 치킨,20:30,19000,1
2026-01-24,소주,12:20,5000,1
2026-01-24,마늘 치킨,17:30,20000,2
2026-01-24,생맥주 500cc,21:40,4500,3
2026-01-24,반반 치킨,19:10,19000,1
2026-01-24,치즈볼,21:50,5000,1
2026-01-24,순살 치킨,15:40,18000,3
2026-01-24,소주,21:00,5000,1
2026-01-24,순살 치킨,22:10,18000,2
2026-01-24,마늘 치킨,21:40,20000,1
2026-01-24,콜라 1.25L,21:40,2500,2
2026-01-24,반반 치킨,18:30,19000,2
2026-01-24,간장 치킨,14:10,19000,1
2026-01-24,콜라 1.25L,23:00,2500,1
2026-01-24,후라이드 치킨,19:40,18000,2
2026-01-24,반반 치킨,18:00,19000,1
2026-01-24,감자튀김,20:10,6000,3
2026-01-24,마늘 치킨,19:10,20000,1
2026-01-24,순살 치킨,20:10,18000,1
2026-01-24,치즈볼,21:00,5000,3
2026-01-24,감자튀김,22:30,6000,1
2026-01-24,후라이드 치킨,23:30,18000,2
2026-01-24,순살 치킨,19:50,18000,2
2026-01-24,반반 치킨,18:20,19000,1
2026-01-24,양념 치킨,17:20,19000,1
2026-01-24,순살 치킨,19:40,18000,2
2026-01-24,치즈볼,20:00,5000,3
2026-01-24,콜라 1.25L,12:20,2500,1
2026-01-24,후라이드 치킨,21:50,18000,2
2026-01-24,콜라 1.25L,14:10,2500,2
2026-01-24,치즈볼,17:30,5000,1
2026-01-24,치즈볼,22:50,5000,1
2026-01-24,소주,18:50,5000,1
2026-01-24,치즈볼,16:10,5000,3
2026-01-24,후라이드 치킨,20:50,18000,1
2026-01-24,순살 치킨,19:00,18000,1
2026-01-24,후라이드 치킨,19:40,18000,3
2026-01-24,순살 치킨,22:30,18000,1
2026-01-24,치즈볼,19:40,5000,1
2026-01-24,생맥주 500cc,21:10,4500,3
2026-01-24,치즈볼,20:40,5000,1
2026-01-24,생맥주 500cc,20:20,4500,1
2026-01-25,후라이드 치킨,19:20,18000,2
2026-01-25,소주,20:40,5000,1
2026-01-25,순살 치킨,21:20,18000,1
2026-01-25,콜라 1.25L,18:10,2500,1
2026-01-25,반반 치킨,12:30,19000,1
2026-01-25,치즈볼,19:50,5000,1
2026-01-25,마늘 치킨,17:10,20000,1
2026-01-25,순살 치킨,21:30,18000,1
2026-01-25,감자튀김,21:40,6000,1
2026-01-25,치즈볼,20:40,5000,1
2026-01-25,생맥주 500cc,22:40,4500,1
2026-01-25,순살 치킨,17:40,18000,1
2026-01-25,생맥주 500cc,21:00,4500,3
2026-01-25,감자튀김,19:10,6000,2
2026-01-25,마늘 치킨,22:40,20000,1
2026-01-25,양념 치킨,18:40,19000,2
2026-01-25,후라이드 치킨,18:10,18000,1
2026-01-25,반반 치킨,23:40,19000,2
2026-01-25,후라이드 치킨,18:40,18000,1
2026-01-25,마늘 치킨,12:10,20000,1
2026-01-25,생맥주 500cc,21:40,4500,1
2026-01-25,마늘 치킨,18:50,20000,2
2026-01-25,감자튀김,19:40,6000,1
2026-01-25,순살 치킨,21:00,18000,1
2026-01-25,간장 치킨,19:30,19000,1
2026-01-25,감자튀김,00:00,6000,2
2026-01-25,간장 치킨,13:40,19000,1
2026-01-25,소주,22:00,5000,1
2026-01-25,후라이드 치킨,19:40,18000,1
2026-01-25,치즈볼,15:50,5000,1
2026-01-25,마늘 치킨,20:30,20000,2
2026-01-25,후라이드 치킨,16:40,18000,1
2026-01-25,치즈볼,23:20,5000,1
2026-01-25,순살 치킨,17:40,18000,1
2026-01-25,순살 치킨,16:20,18000,1
2026-01-25,감자튀김,20:50,6000,3
2026-01-25,마늘 치킨,19:10,20000,2
2026-01-25,간장 치킨,20:20,19000,3
2026-01-25,치즈볼,18:40,5000,2
2026-01-25,반반 치킨,20:00,19000,2
2026-01-25,순살 치킨,17:50,18000,1
2026-01-27,감자튀김,20:20,6000,1
2026-01-27,마늘 치킨,15:10,20000,3
2026-01-27,콜라 1.25L,21:10,2500,2
2026-01-27,감자튀김,18:00,6000,1
2026-01-27,간장 치킨,17:30,19000,1
2026-01-27,후라이드 치킨,19:30,18000,1
2026-01-27,양념 치킨,22:50,19000,1
2026-01-27,감자튀김,19:40,6000,1
2026-01-27,치즈볼,19:00,5000,1
2026-01-27,간장 치킨,19:40,19000,3
2026-01-27,생맥주 500cc,22:30,4500,1
2026-01-27,마늘 치킨,23:50,20000,1
2026-01-27,순살 치킨,22:40,18000,1
2026-01-27,콜라 1.25L,20:10,2500,1
2026-01-27,양념 치킨,19:00,19000,1
2026-01-27,치즈볼,19:50,5000,1
2026-01-27,감자튀김,21:30,6000,3
2026-01-27,콜라 1.25L,18:40,2500,2
2026-01-27,반반 치킨,22:30,19000,1
2026-01-27,감자튀김,19:40,6000,1
2026-01-28,치즈볼,21:00,5000,3
2026-01-28,순살 치킨,18:50,18000,1
2026-01-28,마늘 치킨,22:00,20000,1
2026-01-28,양념 치킨,20:00,19000,1
2026-01-28,콜라 1.25L,21:00,2500,1
2026-01-28,콜라 1.25L,19:20,2500,3
2026-01-28,소주,19:20,5000,1
2026-01-28,치즈볼,21:00,5000,3
2026-01-28,생맥주 500cc,16:40,4500,3
2026-01-28,감자튀김,19:30,6000,1
2026-01-28,마늘 치킨,18:10,20000,1
2026-01-28,순살 치킨,13:00,18000,1
2026-01-28,순살 치킨,23:40,18000,1
2026-01-28,후라이드 치킨,12:10,18000,1
2026-01-28,후라이드 치킨,18:40,18000,2
2026-01-28,반반 치킨,16:00,19000,1
2026-01-28,양념 치킨,17:20,19000,1
2026-01-28,소주,18:20,5000,3
2026-01-28,마늘 치킨,21:20,20000,1
2026-01-28,감자튀김,16:10,6000,1
2026-01-28,양념 치킨,17:50,19000,1
2026-01-28,콜라 1.25L,17:20,2500,3
2026-01-28,마늘 치킨,20:00,20000,1
2026-01-28,소주,18:10,5000,1
2026-01-28,간장 치킨,16:40,19000,1
2026-01-28,순살 치킨,18:40,18000,1
2026-01-28,치즈볼,21:20,5000,1
2026-01-28,순살 치킨,18:30,18000,1
2026-01-28,감자튀김,15:50,6000,1
2026-01-28,순살 치킨,20:50,18000,1
2026-01-28,후라이드 치킨,17:50,18000,1
2026-01-28,간장 치킨,18:30,19000,1
2026-01-28,순살 치킨,23:30,18000,3
2026-01-28,콜라 1.25L,19:30,2500,2
2026-01-29,치즈볼,16:50,5000,1
2026-01-29,마늘 치킨,21:00,20000,1
2026-01-29,간장 치킨,19:20,19000,1
2026-01-29,후라이드 치킨,21:00,18000,1
2026-01-29,생맥주 500cc,19:30,4500,1
2026-01-29,치즈볼,20:20,5000,1
2026-01-29,감자튀김,00:30,6000,1
2026-01-29,치즈볼,22:20,5000,1
2026-01-29,치즈볼,17:40,5000,1
2026-01-29,반반 치킨,18:30,19000,1
2026-01-29,간장 치킨,21:10,19000,1
2026-01-29,마늘 치킨,19:30,20000,1
2026-01-29,간장 치킨,16:00,19000,1
2026-01-29,후라이드 치킨,16:30,18000,2
2026-01-29,후라이드 치킨,20:50,18000,1
2026-01-29,콜라 1.25L,17:20,2500,2
2026-01-29,순살 치킨,23:50,18000,2
2026-01-29,생맥주 500cc,18:20,4500,2
2026-01-29,생맥주 500cc,20:40,4500,3
2026-01-29,간장 치킨,23:30,19000,1
2026-01-29,생맥주 500cc,19:30,4500,1
2026-01-29,후라이드 치킨,20:10,18000,1
2026-01-29,순살 치킨,19:40,18000,2
2026-01-29,간장 치킨,17:10,19000,3
2026-01-30,소주,22:50,5000,1
2026-01-30,생맥주 500cc,20:20,4500,1
2026-01-30,콜라 1.25L,18:30,2500,1
2026-01-30,마늘 치킨,20:00,20000,3
2026-01-30,양념 치킨,18:10,19000,2
2026-01-30,후라이드 치킨,17:30,18000,1
2026-01-30,치즈볼,20:00,5000,1
2026-01-30,감자튀김,19:20,6000,2
2026-01-30,콜라 1.25L,17:00,2500,2
2026-01-30,콜라 1.25L,19:10,2500,1
2026-01-30,양념 치킨,19:30,19000,2
2026-01-30,후라이드 치킨,20:50,18000,2
2026-01-30,반반 치킨,16:40,19000,3
2026-01-30,마늘 치킨,19:50,20000,1
2026-01-30,간장 치킨,18:50,19000,1
2026-01-30,소주,20:20,5000,3
2026-01-30,생맥주 500cc,13:20,4500,1
2026-01-30,마늘 치킨,20:00,20000,1
2026-01-30,양념 치킨,20:30,19000,1
2026-01-30,감자튀김,20:50,6000,2
2026-01-30,치즈볼,13:20,5000,1
2026-01-30,간장 치킨,20:40,19000,1
2026-01-30,마늘 치킨,20:30,20000,3
2026-01-30,소주,17:00,5000,1
2026-01-30,치즈볼,19:00,5000,1
2026-01-30,간장 치킨,16:30,19000,1
2026-01-30,생맥주 500cc,22:10,4500,1
2026-01-30,후라이드 치킨,18:10,18000,1
2026-01-30,순살 치킨,19:50,18000,1
2026-01-30,콜라 1.25L,20:50,2500,2
2026-01-30,소주,20:50,5000,3
2026-01-30,반반 치킨,18:30,19000,3
2026-01-30,후라이드 치킨,17:10,18000,1
2026-01-30,생맥주 500cc,19:10,4500,1
2026-01-30,생맥주 500cc,21:20,4500,1
2026-01-30,간장 치킨,22:10,19000,1
2026-01-30,간장 치킨,20:10,19000,1
2026-01-30,마늘 치킨,14:30,20000,1
2026-01-30,순살 치킨,18:20,18000,1
2026-01-30,후라이드 치킨,00:50,18000,2
2026-01-30,후라이드 치킨,18:30,18000,1
2026-01-30,반반 치킨,18:20,19000,1
2026-01-30,치즈볼,20:00,5000,1
2026-01-30,콜라 1.25L,19:00,2500,1
2026-01-30,콜라 1.25L,21:50,2500,2
2026-01-30,콜라 1.25L,19:20,2500,1
2026-01-30,감자튀김,19:40,6000,3
2026-01-30,감자튀김,21:30,6000,1
2026-01-30,마늘 치킨,13:20,20000,1
2026-01-30,반반 치킨,19:00,19000,2
2026-01-30,간장 치킨,17:50,19000,3
2026-01-30,감자튀김,21:30,6000,2
2026-01-30,마늘 치킨,20:10,20000,1
2026-01-30,소주,19:00,5000,2
2026-01-31,간장 치킨,20:20,19000,2
2026-01-31,콜라 1.25L,18:40,2500,1
2026-01-31,반반 치킨,20:50,19000,1
2026-01-31,반반 치킨,19:20,19000,3
2026-01-31,마늘 치킨,19:30,20000,3
2026-01-31,치즈볼,23:00,5000,1
2026-01-31,감자튀김,22:30,6000,1
2026-01-31,생맥주 500cc,20:30,4500,1
2026-01-31,감자튀김,18:30,6000,1
2026-01-31,마늘 치킨,18:40,20000,1
2026-01-31,순살 치킨,17:20,18000,1
2026-01-31,치즈볼,22:40,5000,1
2026-01-31,마늘 치킨,22:10,20000,2
2026-01-31,후라이드 치킨,18:50,18000,1
2026-01-31,양념 치킨,19:50,19000,1
2026-01-31,마늘 치킨,19:10,20000,1
2026-01-31,콜라 1.25L,22:00,2500,1
2026-01-31,마늘 치킨,21:30,20000,1
2026-01-31,마늘 치킨,21:00,20000,1
2026-01-31,간장 치킨,15:00,19000,3
2026-01-31,소주,19:00,5000,1
2026-01-31,순살 치킨,21:30,18000,1
2026-01-31,감자튀김,23:00,6000,3
2026-01-31,간장 치킨,19:40,19000,1
2026-01-31,순살 치킨,15:00,18000,1
2026-01-31,콜라 1.25L,20:30,2500,1
2026-01-31,치즈볼,19:00,5000,1
2026-01-31,감자튀김,22:30,6000,3
2026-01-31,마늘 치킨,18:30,20000,1
2026-01-31,순살 치킨,17:30,18000,1
2026-01-31,양념 치킨,22:20,19000,1
2026-01-31,마늘 치킨,20:50,20000,1
2026-01-31,반반 치킨,17:50,19000,1
2026-01-31,감자튀김,21:40,6000,1
2026-01-31,치즈볼,21:50,5000,1
2026-01-31,감자튀김,18:10,6000,1
2026-01-31,후라이드 치킨,23:10,18000,1
2026-01-31,후라이드 치킨,17:50,18000,1
2026-01-31,반반 치킨,19:30,19000,1
2026-01-31,소주,19:30,5000,1
2026-01-31,후라이드 치킨,18:20,18000,1
2026-01-31,간장 치킨,19:00,19000,1
2026-01-31,소주,19:40,5000,1
2026-01-31,감자튀김,21:40,6000,2
2026-01-31,치즈볼,19:10,5000,3
2026-01-31,반반 치킨,13:00,19000,1
2026-01-31,반반 치킨,20:40,19000,1
2026-01-31,반반 치킨,18:10,19000,1
2026-01-31,치즈볼,20:50,5000,1
2026-01-31,콜라 1.25L,20:00,2500,1
2026-01-31,감자튀김,18:30,6000,2
2026-01-31,치즈볼,18:00,5000,1
2026-01-31,간장 치킨,23:40,19000,3
2026-01-31,순살 치킨,21:30,18000,1
2026-02-01,순살 치킨,19:00,18000,2
2026-02-01,감자튀김,22:00,6000,1
2026-02-01,감자튀김,22:40,6000,1
2026-02-01,콜라 1.25L,18:50,2500,1
2026-02-01,반반 치킨,21:40,19000,1
2026-02-01,감자튀김,22:30,6000,1
2026-02-01,반반 치킨,16:30,19000,1
2026-02-01,소주,20:40,5000,1
2026-02-01,후라이드 치킨,20:40,18000,1
2026-02-01,감자튀김,18:50,6000,1
2026-02-01,후라이드 치킨,21:10,18000,1
2026-02-01,마늘 치킨,19:10,20000,3
2026-02-01,생맥주 500cc,17:20,4500,3
2026-02-01,마늘 치킨,20:30,20000,1
2026-02-01,양념 치킨,18:40,19000,2
2026-02-01,순살 치킨,18:20,18000,1
2026-02-01,순살 치킨,20:20,18000,3
2026-02-01,후라이드 치킨,17:40,18000,1
2026-02-01,마늘 치킨,17:10,20000,1
2026-02-01,간장 치킨,19:10,19000,1
2026-02-01,마늘 치킨,19:10,20000,1
2026-02-01,반반 치킨,19:40,19000,1
2026-02-01,생맥주 500cc,23:10,4500,1
2026-02-01,양념 치킨,19:30,19000,1
2026-02-01,생맥주 500cc,17:50,4500,3
2026-02-01,순살 치킨,21:30,18000,1
2026-02-01,치즈볼,21:50,5000,1
2026-02-01,순살 치킨,17:40,18000,1
2026-02-01,소주,22:50,5000,1
2026-02-01,마늘 치킨,16:40,20000,1
2026-02-01,반반 치킨,18:10,19000,2
2026-02-01,간장 치킨,21:40,19000,3
2026-02-01,콜라 1.25L,19:30,2500,1
2026-02-01,간장 치킨,18:10,19000,1
2026-02-01,순살 치킨,21:30,18000,2
2026-02-01,치즈볼,19:50,5000,1
2026-02-01,반반 치킨,16:40,19000,1
2026-02-01,간장 치킨,18:30,19000,1
2026-02-01,콜라 1.25L,20:40,2500,1
2026-02-01,생맥주 500cc,21:40,4500,1
2026-02-01,간장 치킨,19:30,19000,2
2026-02-01,후라이드 치킨,22:00,18000,1
2026-02-01,감자튀김,19:40,6000,2
2026-02-01,치즈볼,19:00,5000,1
2026-02-01,양념 치킨,19:20,19000,1
2026-02-01,치즈볼,19:50,5000,1
2026-02-01,후라이드 치킨,20:50,18000,1
2026-02-01,치즈볼,19:30,5000,1
2026-02-01,감자튀김,22:10,6000,1
2026-02-01,소주,19:50,5000,1
2026-02-01,순살 치킨,22:40,18000,1
2026-02-01,마늘 치킨,19:40,20000,1
2026-02-01,소주,18:50,5000,1
2026-02-01,양념 치킨,19:10,19000,1
2026-02-01,순살 치킨,19:40,18000,1
2026-02-01,후라이드 치킨,22:20,18000,1
2026-02-01,반반 치킨,18:20,19000,1
2026-02-03,양념 치킨,18:20,19000,1
2026-02-03,감자튀김,17:00,6000,2
2026-02-03,소주,18:10,5000,1
2026-02-03,반반 치킨,16:30,19000,1
2026-02-03,후라이드 치킨,19:10,18000,3
2026-02-03,간장 치킨,20:50,19000,1
2026-02-03,양념 치킨,20:00,19000,1
2026-02-03,감자튀김,17:40,6000,2
2026-02-03,반반 치킨,20:10,19000,1
2026-02-03,감자튀김,21:10,6000,1
2026-02-03,생맥주 500cc,17:20,4500,1
2026-02-03,양념 치킨,19:50,19000,1
2026-02-03,감자튀김,21:10,6000,1
2026-02-03,소주,20:10,5000,2
2026-02-03,후라이드 치킨,20:30,18000,1
2026-02-03,소주,21:30,5000,1
2026-02-03,반반 치킨,21:30,19000,1
2026-02-03,마늘 치킨,18:00,20000,1
2026-02-03,순살 치킨,20:40,18000,3
2026-02-03,콜라 1.25L,17:30,2500,2
2026-02-03,소주,20:40,5000,1
2026-02-03,후라이드 치킨,18:20,18000,1
2026-02-03,생맥주 500cc,16:00,4500,1
2026-02-03,치즈볼,15:20,5000,1
2026-02-03,순살 치킨,18:50,18000,1
2026-02-03,생맥주 500cc,20:50,4500,3
2026-02-03,마늘 치킨,22:20,20000,3
2026-02-03,치즈볼,21:40,5000,2
2026-02-03,치즈볼,20:30,5000,2
2026-02-03,감자튀김,20:10,6000,3
2026-02-04,반반 치킨,12:00,19000,1
2026-02-04,순살 치킨,21:00,18000,3
2026-02-04,순살 치킨,19:50,18000,1
2026-02-04,순살 치킨,19:50,18000,2
2026-02-04,감자튀김,20:00,6000,1
2026-02-04,치즈볼,21:50,5000,3
2026-02-04,콜라 1.25L,17:30,2500,1
2026-02-04,치즈볼,19:40,5000,1
2026-02-04,생맥주 500cc,18:40,4500,2
2026-02-04,후라이드 치킨,21:00,18000,1
2026-02-04,소주,18:10,5000,3
2026-02-04,감자튀김,19:50,6000,1
2026-02-04,콜라 1.25L,19:10,2500,1
2026-02-04,콜라 1.25L,20:20,2500,1
2026-02-04,순살 치킨,22:50,18000,1
2026-02-04,콜라 1.25L,18:40,2500,1
2026-02-04,양념 치킨,17:30,19000,2
2026-02-04,마늘 치킨,19:30,20000,1
2026-02-04,후라이드 치킨,16:50,18000,2
2026-02-04,치즈볼,19:50,5000,1
2026-02-04,콜라 1.25L,21:40,2500,3
